Interaction value,Variable values,Explanation
Family Reunions,"[{'Variable definition': 'Family Structure', 'Variable value': 'Extended Family'}, {'Variable definition': 'Social Bonding', 'Variable value': 'Strong Ties'}]","Family Reunions represent the intersection of Family Structure and Social Bonding, indicating a strong sense of family unity and close relationships."
Community Volunteering,"[{'Variable definition': 'Civic Engagement', 'Variable value': 'Active Citizenship'}, {'Variable definition': 'Social Capital', 'Variable value': 'Collective Efficacy'}]","Community Volunteering represents the intersection of Civic Engagement and Social Capital, highlighting the importance of community involvement and collective action."
Neighborhood Watch,"[{'Variable definition': 'Community Cohesion', 'Variable value': 'Neighborhood Unity'}, {'Variable definition': 'Crime Prevention', 'Variable value': 'Proactive Safety Measures'}]","Neighborhood Watch represents the intersection of Community Cohesion and Crime Prevention, emphasizing the importance of community cooperation in maintaining safety."
Cultural Festivals,"[{'Variable definition': 'Cultural Identity', 'Variable value': 'Ethnic Heritage'}, {'Variable definition': 'Social Integration', 'Variable value': 'Cultural Exchange'}]","Cultural Festivals represent the intersection of Cultural Identity and Social Integration, celebrating diversity and promoting cross-cultural understanding."
Youth Mentorship,"[{'Variable definition': 'Social Support', 'Variable value': 'Guidance and Advice'}, {'Variable definition': 'Human Capital', 'Variable value': 'Skill Development'}]","Youth Mentorship represents the intersection of Social Support and Human Capital, providing guidance and skills development for young individuals."
Environmental Activism,"[{'Variable definition': 'Environmental Awareness', 'Variable value': 'Sustainability Concerns'}, {'Variable definition': 'Collective Action', 'Variable value': 'Grassroots Movements'}]","Environmental Activism represents the intersection of Environmental Awareness and Collective Action, highlighting the importance of community-driven environmental initiatives."
Intergenerational Programs,"[{'Variable definition': 'Intergenerational Relationships', 'Variable value': 'Knowledge Transfer'}, {'Variable definition': 'Social Learning', 'Variable value': 'Experiential Learning'}]","Intergenerational Programs represent the intersection of Intergenerational Relationships and Social Learning, facilitating knowledge transfer and experiential learning across age groups."
Community Arts,"[{'Variable definition': 'Cultural Expression', 'Variable value': 'Artistic Creativity'}, {'Variable definition': 'Social Cohesion', 'Variable value': 'Community Engagement'}]","Community Arts represent the intersection of Cultural Expression and Social Cohesion, promoting artistic creativity and community engagement."
Neighborhood Revitalization,"[{'Variable definition': 'Urban Development', 'Variable value': 'Urban Renewal'}, {'Variable definition': 'Community Empowerment', 'Variable value': 'Local Autonomy'}]","Neighborhood Revitalization represents the intersection of Urban Development and Community Empowerment, emphasizing community-led initiatives for urban renewal."
Faith-Based Organizations,"[{'Variable definition': 'Religious Identity', 'Variable value': 'Spiritual Community'}, {'Variable definition': 'Social Services', 'Variable value': 'Charitable Outreach'}]","Faith-Based Organizations represent the intersection of Religious Identity and Social Services, providing charitable outreach and spiritual community."
