Text1,Text2,Same Causal Variable,Variable Name,Explanation,Model
Vacant Buildings,Antiquity of the Building,False,,"While both texts are related to buildings, they do not belong to the same causal variable. 'Vacant Buildings' refers to buildings that are unoccupied, whereas 'Antiquity of the Building' refers to the age or historical significance of a building. The variables are distinct as one relates to occupancy status and the other to historical context.",gpt-3.5-turbo
Vacant Buildings,Unoccupied Housing (Empties),True,Housing Vacancy,"Both texts refer to the same causal variable, which is the status of buildings or housing units that are unoccupied or vacant.",gpt-3.5-turbo
Vacant Buildings,Abandoned Housing,True,Urban Decay,"Both 'Vacant Buildings' and 'Abandoned Housing' are indicators of urban decay, reflecting the decline and neglect of properties within a city or neighborhood.",gpt-3.5-turbo
Vacant Buildings,Low Level or Insufficient Infrastructure,False,,"While both texts are related to urban issues, 'Vacant Buildings' specifically refers to unoccupied or abandoned structures, whereas 'Low Level or Insufficient Infrastructure' pertains to the inadequacy or poor quality of essential facilities and services. These are distinct causal variables within the urban context.",gpt-3.5-turbo
Vacant Buildings,Bad Location of the Building,False,,"While both texts are related to buildings, they describe different causal variables. 'Vacant Buildings' refers to buildings that are unoccupied, whereas 'Bad Location of the Building' refers to the unfavorable positioning or surroundings of a building. These are distinct factors affecting buildings but not the same causal variable.",gpt-3.5-turbo
Vacant Buildings,Adaptation of Buildings with Housing Quality,False,,"While both texts are related to buildings, they describe different aspects. 'Vacant Buildings' refers to buildings that are unoccupied or abandoned, while 'Adaptation of Buildings with Housing Quality' focuses on the process of modifying buildings to improve housing quality. Therefore, they do not belong to the same causal variable.",gpt-3.5-turbo
Vacant Buildings,Construction of Buildings for People with Disabilities,False,,"The two texts do not belong to the same causal variable. 'Vacant Buildings' refers to buildings that are unoccupied or abandoned, while 'Construction of Buildings for People with Disabilities' refers to a specific type of construction aimed at accommodating individuals with disabilities. The variables are related to buildings but focus on different aspects - occupancy status versus design for a specific user group.",gpt-3.5-turbo
Vacant Buildings,Rehabilitation,False,,"While vacant buildings and rehabilitation are related concepts in urban studies, they do not represent the same causal variable. Vacant buildings refer to properties that are empty and unused, while rehabilitation refers to the process of restoring or renovating buildings to bring them back into use. Vacant buildings can be a factor that triggers the need for rehabilitation, but they are not the same variable.",gpt-3.5-turbo
Vacant Buildings,Evictions of the Local Population,False,,"While both texts are related to urban issues, they do not represent the same causal variable. 'Vacant Buildings' refer to unoccupied or abandoned structures, whereas 'Evictions of the Local Population' refer to the forced removal of residents from their homes. The former is more related to property status and urban blight, while the latter is related to housing insecurity and displacement.",gpt-3.5-turbo
Vacant Buildings,Risk of Defeat,False,,"The two texts do not belong to the same causal variable. 'Vacant Buildings' refers to a physical state of buildings being unoccupied or abandoned, while 'Risk of Defeat' likely pertains to a different context such as sports, competition, or conflict where defeat is a potential outcome. Therefore, these texts describe different concepts and are not related in terms of a causal variable.",gpt-3.5-turbo
Vacant Buildings,Earthquakes,False,,"Vacant Buildings and Earthquakes are not the same causal variable. Vacant Buildings refer to unoccupied or abandoned structures, while Earthquakes are geological events involving the shaking of the ground caused by tectonic plate movements.",gpt-3.5-turbo
Vacant Buildings,Gas Leak Inside Buildings,False,,"The two texts do not belong to the same causal variable. 'Vacant Buildings' refers to buildings that are unoccupied or abandoned, while 'Gas Leak Inside Buildings' refers to a specific hazard within buildings caused by gas leaks. The causal factors for these two scenarios are different.",gpt-3.5-turbo
Vacant Buildings,Floods,False,,"Vacant buildings and floods are not the same causal variable. Vacant buildings refer to unoccupied or abandoned structures, while floods are natural disasters involving an overflow of water onto land. These two texts describe different phenomena.",gpt-3.5-turbo
Vacant Buildings,Gas Leak Inside Dwellings,False,,"The two texts do not belong to the same causal variable. 'Vacant Buildings' refers to the condition of buildings being unoccupied or abandoned, while 'Gas Leak Inside Dwellings' refers to a specific hazard related to gas leaks within occupied buildings. The variables are distinct in terms of their nature and implications.",gpt-3.5-turbo
Vacant Buildings,Fires,False,,"While there may be a correlation between vacant buildings and fires, they are not the same causal variable. Vacant buildings can be a contributing factor to fires, but fires can also occur in non-vacant buildings due to various reasons such as electrical faults, accidents, or arson. Therefore, vacant buildings and fires represent different aspects of urban studies and causality.",gpt-3.5-turbo
Vacant Buildings,Lack of Schools,False,,"The two texts do not belong to the same causal variable. 'Vacant Buildings' and 'Lack of Schools' are distinct variables with different causal factors. Vacant buildings are typically a result of factors like economic conditions, urban planning, and property ownership, while the lack of schools is related to educational policies, population distribution, and funding allocations.",gpt-3.5-turbo
Vacant Buildings,Existence of Expecting Land,False,,"While both texts are related to urban spaces, 'Vacant Buildings' refers to buildings that are unoccupied or abandoned, whereas 'Existence of Expecting Land' likely refers to available land that is anticipated for future development. These represent different aspects of urban development and land use, hence they do not belong to the same causal variable.",gpt-3.5-turbo
Vacant Buildings,Lack of Hospitals,False,,"The two texts do not belong to the same causal variable. 'Vacant Buildings' refers to the presence of empty or abandoned buildings, while 'Lack of Hospitals' refers to the insufficient availability of healthcare facilities. Although both issues may impact urban areas, they are distinct variables related to different aspects of urban development and infrastructure.",gpt-3.5-turbo
Vacant Buildings,Change in the Use of Buildings,False,,"While both texts are related to buildings, they describe different aspects. 'Vacant Buildings' refers to buildings that are unoccupied, whereas 'Change in the Use of Buildings' refers to a transformation in how buildings are utilized. These are distinct variables within the context of urban studies.",gpt-3.5-turbo
Vacant Buildings,Inherited Buildings,False,,"While both texts are related to buildings, they describe different aspects. 'Vacant Buildings' refer to buildings that are empty or unoccupied, whereas 'Inherited Buildings' refer to buildings that have been passed down through inheritance. Therefore, they do not belong to the same causal variable.",gpt-3.5-turbo
Vacant Buildings,Illegal Buildings,False,,"While both texts are related to buildings, they describe different aspects. 'Vacant Buildings' refer to buildings that are unoccupied, whereas 'Illegal Buildings' refer to buildings that have been constructed or used in violation of laws or regulations. Therefore, they do not belong to the same causal variable.",gpt-3.5-turbo
Vacant Buildings,Lack of Equipment,False,,"The two texts do not belong to the same causal variable. 'Vacant Buildings' refers to unoccupied or unused buildings, typically associated with issues like urban blight and safety concerns. On the other hand, 'Lack of Equipment' refers to a shortage or absence of necessary tools or resources, which is unrelated to the concept of vacant buildings.",gpt-3.5-turbo
Vacant Buildings,Lack of Services,False,,"The two texts do not belong to the same causal variable. 'Vacant Buildings' refers to unoccupied or abandoned buildings, while 'Lack of Services' refers to the absence or insufficiency of essential services. Although both can be issues in urban areas, they represent different aspects of urban challenges.",gpt-3.5-turbo
Vacant Buildings,Lack of Municipal Coercive Works,False,,"While both texts are related to urban issues, 'Vacant Buildings' refers to the physical state of buildings being unoccupied or abandoned, whereas 'Lack of Municipal Coercive Works' refers to the absence of enforcement actions by the municipality. These are distinct concepts related to urban management but do not represent the same causal variable.",gpt-3.5-turbo
Vacant Buildings,Construction in High Zones of the Territory,False,,"The two texts do not belong to the same causal variable. 'Vacant Buildings' refers to the state of buildings being unoccupied or abandoned, while 'Construction in High Zones of the Territory' refers to the act of building in specific high zones of an area. These represent different aspects within urban studies and do not directly relate to the same variable.",gpt-3.5-turbo
Vacant Buildings,Requalification of Abandoned Housing Buildings,False,,"While both texts are related to buildings that are not in use, 'Vacant Buildings' refers to empty or unoccupied buildings, whereas 'Requalification of Abandoned Housing Buildings' specifically focuses on the process of repurposing abandoned housing buildings. The first text describes the current state of the buildings, while the second text describes a potential action or intervention to address abandoned housing.",gpt-3.5-turbo
Vacant Buildings,Requalification of Abandoned Business Buildings,False,,"While both texts are related to buildings that are not in use, 'Vacant Buildings' refers to empty or unoccupied buildings, whereas 'Requalification of Abandoned Business Buildings' specifically focuses on the process of repurposing abandoned business buildings for new use. The first text describes the status of the buildings, while the second text describes a potential action or intervention on those buildings, indicating different causal variables.",gpt-3.5-turbo
Vacant Buildings,Public Services,False,,"Vacant Buildings and Public Services are not the same causal variable. Vacant Buildings refer to unoccupied or abandoned structures, while Public Services refer to services provided by the government for the benefit of the public. While there may be some relationship between vacant buildings and public services in urban areas, they represent different aspects of urban development and governance.",gpt-3.5-turbo
Vacant Buildings,Street Criminality,False,,"Vacant buildings and street criminality are related but represent different causal variables. Vacant buildings may contribute to increased street criminality due to factors like providing spaces for illegal activities, but they are not the same variable. Street criminality involves the actual criminal behavior happening on the streets, which can be influenced by various factors beyond just vacant buildings.",gpt-3.5-turbo
Vacant Buildings,Shady Places,False,,"While both 'Vacant Buildings' and 'Shady Places' may be associated with urban decay or crime, they represent different aspects. 'Vacant Buildings' specifically refers to unoccupied or abandoned structures, while 'Shady Places' could encompass various locations that are perceived as unsafe or suspicious, which may or may not include vacant buildings. Therefore, they do not belong to the same causal variable.",gpt-3.5-turbo
Vacant Buildings,Unsanitary Places,False,,"While both texts may be related to urban issues, 'Vacant Buildings' and 'Unsanitary Places' do not represent the same causal variable. Vacant buildings refer to buildings that are empty or unoccupied, often due to abandonment or lack of maintenance. On the other hand, unsanitary places typically refer to locations that are unclean or pose health hazards due to poor hygiene or waste disposal practices. The underlying causes and implications of these two concepts differ, indicating they are not the same causal variable.",gpt-3.5-turbo
Vacant Buildings,Public Lighting,False,,"Vacant Buildings and Public Lighting are not the same causal variable. Vacant Buildings typically refer to unoccupied or abandoned structures, while Public Lighting refers to the illumination of public spaces. While both can be related to urban environments, they represent different aspects of urban infrastructure and issues.",gpt-3.5-turbo
Vacant Buildings,Lack of Policing,False,,"The two texts do not belong to the same causal variable. 'Vacant Buildings' refers to the physical state of buildings being unoccupied or abandoned, while 'Lack of Policing' refers to the absence or inadequacy of law enforcement activities. Although both factors can contribute to urban issues, they represent different aspects of urban environments.",gpt-3.5-turbo
Vacant Buildings,Arrangements of Public Spaces,False,,"The two texts do not belong to the same causal variable. 'Vacant Buildings' refers to the condition of buildings being unoccupied or abandoned, while 'Arrangements of Public Spaces' refers to the design and layout of public areas. Although both concepts are related to urban environments, they represent different aspects and variables within urban studies.",gpt-3.5-turbo
Vacant Buildings,Degraded Public Space,False,,"While both texts are related to urban environments, 'Vacant Buildings' specifically refers to the condition of buildings being empty or unoccupied, whereas 'Degraded Public Space' refers to the deterioration or decline in the quality of public areas. These are distinct concepts related to urban decay but represent different aspects of the urban environment.",gpt-3.5-turbo
Vacant Buildings,Trash on Public Streets,False,,"While both texts are related to urban issues, they do not belong to the same causal variable. Vacant buildings typically result from factors such as economic conditions, property ownership, and urban planning, whereas trash on public streets is more directly related to waste management, public behavior, and municipal services.",gpt-3.5-turbo
Vacant Buildings,Lack of Green Spaces,False,,"While both texts are related to urban environments, 'Vacant Buildings' and 'Lack of Green Spaces' represent different causal variables. Vacant buildings refer to unused or abandoned structures, often associated with economic decline or urban blight. On the other hand, lack of green spaces pertains to the absence or insufficiency of parks, gardens, or natural areas within a city, impacting residents' access to nature and recreational opportunities. These are distinct issues with separate implications for urban planning and community well-being.",gpt-3.5-turbo
Vacant Buildings,Noise,False,,"Vacant Buildings and Noise are not the same causal variable. Vacant Buildings typically refer to unoccupied or abandoned structures, while Noise refers to unwanted sound. These are distinct concepts related to urban environments but represent different aspects of urban issues.",gpt-3.5-turbo
Vacant Buildings,Air Quality,False,,"Vacant Buildings and Air Quality are not the same causal variable. Vacant Buildings typically refer to unused or abandoned structures in urban areas, while Air Quality pertains to the cleanliness and purity of the air in a specific environment. Although there may be indirect relationships between vacant buildings and air quality (e.g., vacant buildings contributing to pollution or affecting local climate), they represent distinct variables in urban studies.",gpt-3.5-turbo
Vacant Buildings,Nightlife,False,,"Vacant Buildings and Nightlife are not the same causal variable. Vacant Buildings typically refer to abandoned or unoccupied structures, while Nightlife refers to the social activities, entertainment, and establishments that are active during the evening and night hours in a city. These two concepts are related to urban environments but represent different aspects of urban life.",gpt-3.5-turbo
Vacant Buildings,Evictions of Monos,False,,"The two texts do not belong to the same causal variable. 'Vacant Buildings' refers to buildings that are unoccupied or abandoned, while 'Evictions of Monos' likely refers to the eviction of individuals or families from their homes. The former relates to the status of buildings, while the latter pertains to the action of removing occupants from a property.",gpt-3.5-turbo
Vacant Buildings,Lack of Recycling Containers,False,,"The two texts do not belong to the same causal variable. 'Vacant Buildings' typically relates to urban blight, property abandonment, and economic factors, while 'Lack of Recycling Containers' is more related to waste management and environmental sustainability. Although both issues may impact a community, they stem from different underlying causes and systems.",gpt-3.5-turbo
Vacant Buildings,Degradation of Urban Waste Spaces,False,,"While both texts are related to urban spaces, they describe different aspects. 'Vacant Buildings' refers to empty or unused buildings, whereas 'Degradation of Urban Waste Spaces' focuses on the deterioration of areas designated for waste disposal. Therefore, they do not belong to the same causal variable.",gpt-3.5-turbo
Vacant Buildings,Graffiti in Vacant Buildings,False,,"While both texts are related to buildings, 'Vacant Buildings' refers to the state of a building being unoccupied or empty, whereas 'Graffiti in Vacant Buildings' specifically focuses on the presence of graffiti within vacant buildings. The addition of graffiti introduces a new element (graffiti) to the context of vacant buildings, making it a different variable.",gpt-3.5-turbo
Vacant Buildings,Quiet,False,,"While vacant buildings can contribute to a quiet environment, the two texts do not directly represent the same causal variable. 'Vacant Buildings' refers to the state of a building being unoccupied or abandoned, while 'Quiet' describes the absence of noise or disturbance. While a vacant building may lead to quiet surroundings, they are not inherently the same causal variable.",gpt-3.5-turbo
Vacant Buildings,Geriatric Devices,False,,"The two texts do not belong to the same causal variable. 'Vacant Buildings' refers to empty or uninhabited buildings, typically in the context of urban studies or real estate, while 'Geriatric Devices' likely refers to medical devices or equipment used for elderly individuals. The topics are unrelated in terms of causal variables.",gpt-3.5-turbo
Vacant Buildings,Sports Centers,False,,"The two texts do not belong to the same causal variable. 'Vacant Buildings' and 'Sports Centers' are different concepts and represent different aspects of urban infrastructure. Vacant buildings refer to unused or abandoned structures, while sports centers are facilities designed for sports and recreational activities. They do not share a direct causal relationship.",gpt-3.5-turbo
Vacant Buildings,Landscape Arrangements,False,,"The two texts do not belong to the same causal variable. 'Vacant Buildings' typically refers to buildings that are unoccupied or abandoned, while 'Landscape Arrangements' refer to the design and organization of outdoor spaces. They represent different concepts within urban studies and do not directly relate to each other as the same variable.",gpt-3.5-turbo
Vacant Buildings,Parking Problems,False,,"While both texts are related to urban issues, 'Vacant Buildings' and 'Parking Problems' do not represent the same causal variable. Vacant buildings refer to unused or abandoned structures, whereas parking problems relate to issues concerning parking availability, regulations, or management in urban areas.",gpt-3.5-turbo
Vacant Buildings,Quality of Roads,False,,The two texts do not belong to the same causal variable. 'Vacant Buildings' and 'Quality of Roads' are distinct variables related to urban infrastructure but represent different aspects of urban development - one focusing on the state of buildings and the other on the condition of roads.,gpt-3.5-turbo
Vacant Buildings,Consumption of Alcohol on Public Roads at Night,False,,"The two texts do not belong to the same causal variable. 'Vacant Buildings' is related to urban blight and property abandonment, while 'Consumption of Alcohol on Public Roads at Night' is related to public behavior and alcohol consumption patterns. They represent different aspects of urban studies and have distinct causal factors.",gpt-3.5-turbo
Vacant Buildings,Little Interest of the Population,False,,"While both texts may be related to urban areas, they do not describe the same causal variable. 'Vacant Buildings' refers to the physical state of buildings being unoccupied, whereas 'Little Interest of the Population' suggests a lack of interest or demand from people, which may contribute to buildings becoming vacant but is not the same variable.",gpt-3.5-turbo
Vacant Buildings,Little Civic Intervention,False,,"The two texts do not belong to the same causal variable. 'Vacant Buildings' refers to the physical state of buildings being unoccupied or abandoned, while 'Little Civic Intervention' suggests a lack of involvement or action by the local government or community in addressing urban issues. These are distinct concepts related to urban studies but do not represent the same variable.",gpt-3.5-turbo
Vacant Buildings,Little Civic Participation,False,,"The two texts do not belong to the same causal variable. 'Vacant Buildings' refers to the physical state of buildings being unoccupied or abandoned, while 'Little Civic Participation' refers to the level of involvement of citizens in community or civic affairs. These are distinct concepts related to urban studies but do not represent the same variable.",gpt-3.5-turbo
Vacant Buildings,Abandonment of Historic Centers,False,,"While both texts are related to urban decay and abandonment, they represent different causal variables. 'Vacant Buildings' specifically refers to the physical state of buildings being empty or unoccupied, whereas 'Abandonment of Historic Centers' refers to the broader concept of historical areas being deserted or neglected. The former focuses on the condition of individual structures, while the latter encompasses the overall decline of historically significant areas.",gpt-3.5-turbo
Vacant Buildings,Ethnic Segregation,False,,"Vacant Buildings and Ethnic Segregation are not the same causal variable. Vacant Buildings refer to unoccupied or abandoned buildings, while Ethnic Segregation refers to the separation of different ethnic groups within a community or society. These are distinct concepts related to urban studies but represent different phenomena.",gpt-3.5-turbo
Vacant Buildings,Lack of Civism,False,,"The two texts do not belong to the same causal variable. 'Vacant Buildings' refers to the physical state of buildings being unoccupied or abandoned, while 'Lack of Civism' refers to a social behavior related to lack of civic responsibility or engagement. They represent different concepts within urban studies.",gpt-3.5-turbo
Vacant Buildings,Little Participation of Young People,False,,"The two texts do not belong to the same causal variable. 'Vacant Buildings' refers to the physical state of buildings being unoccupied or abandoned, while 'Little Participation of Young People' refers to the level of involvement or engagement of young individuals in activities or decision-making processes. These are distinct concepts related to different phenomena.",gpt-3.5-turbo
Vacant Buildings,Population Participation and Involvement,False,,"The two texts do not belong to the same causal variable. 'Vacant Buildings' refers to the physical state of buildings, while 'Population Participation and Involvement' relates to the engagement and activity of people within a community. They represent different concepts and variables.",gpt-3.5-turbo
Vacant Buildings,Bankruptcy of Traditional Communities,False,,"The two texts do not belong to the same causal variable. 'Vacant Buildings' refers to the physical state of buildings being unoccupied or abandoned, while 'Bankruptcy of Traditional Communities' refers to the financial insolvency and economic decline of traditional communities. Although vacant buildings can be a symptom of economic decline in a community, they represent different aspects - physical vs. economic - and are not directly interchangeable as causal variables.",gpt-3.5-turbo
Vacant Buildings,Social Housing,False,,"While both texts are related to urban environments, 'Vacant Buildings' refers to unoccupied or abandoned structures, whereas 'Social Housing' refers to a specific type of housing provided by the government or non-profit organizations for individuals with low income. These are distinct concepts and represent different variables within urban studies.",gpt-3.5-turbo
Vacant Buildings,Occupation and Free Time of the Youth,False,,"The two texts do not belong to the same causal variable. 'Vacant Buildings' refers to the condition of buildings being unoccupied or abandoned, while 'Occupation and Free Time of the Youth' relates to the activities and time usage of young individuals. These texts represent different concepts and variables within urban studies.",gpt-3.5-turbo
Vacant Buildings,Social Crisis,False,,"The two texts do not belong to the same causal variable. 'Vacant Buildings' refers to a physical condition of buildings being empty or abandoned, while 'Social Crisis' refers to a broader societal issue affecting a community or society. Vacant buildings can be a symptom or a contributing factor to social crises, but they are not the same causal variable.",gpt-3.5-turbo
Vacant Buildings,Precarious Work,False,,"The two texts do not belong to the same causal variable. 'Vacant Buildings' refers to unoccupied or abandoned buildings, typically related to urban decay and property issues. On the other hand, 'Precarious Work' refers to unstable, insecure, or low-paying employment conditions. While both topics may be relevant in urban studies, they represent different aspects of urban life and do not directly relate to each other as the same causal variable.",gpt-3.5-turbo
Vacant Buildings,Housing Overcrowding,False,,"While both texts are related to housing, they describe different aspects. 'Vacant Buildings' refers to buildings that are unoccupied, whereas 'Housing Overcrowding' refers to a situation where there are too many people living in a dwelling.",gpt-3.5-turbo
Vacant Buildings,Drug Trafficking,False,,"Vacant buildings and drug trafficking are not the same causal variable. Vacant buildings refer to unoccupied or abandoned structures, while drug trafficking involves the illegal trade and distribution of drugs. Although there may be a relationship between vacant buildings and drug trafficking in certain contexts, they represent different phenomena.",gpt-3.5-turbo
Vacant Buildings,Low Salaries,False,,"The two texts do not belong to the same causal variable. 'Vacant Buildings' refers to the condition of buildings being unoccupied or abandoned, while 'Low Salaries' refers to the level of income earned by individuals. These are distinct variables related to different aspects of urban environments and economic conditions.",gpt-3.5-turbo
Vacant Buildings,Unemployment,False,,"Vacant buildings and unemployment are not the same causal variable. Vacant buildings refer to unoccupied or abandoned structures, while unemployment refers to the state of being without a job. While there may be some indirect relationships between vacant buildings and unemployment in urban areas, they represent different phenomena and are not directly interchangeable as causal variables.",gpt-3.5-turbo
Vacant Buildings,Emigration,False,,"Vacant buildings and emigration are related concepts but do not represent the same causal variable. Vacant buildings may contribute to factors that lead to emigration, such as economic decline or lack of opportunities, but they are not directly interchangeable as the same variable.",gpt-3.5-turbo
Vacant Buildings,Illegal Immigration,False,,"The two texts do not belong to the same causal variable. 'Vacant Buildings' refers to unoccupied or unused buildings, while 'Illegal Immigration' refers to the unauthorized entry of foreign nationals into a country. These are distinct issues with different causal factors and consequences.",gpt-3.5-turbo
Vacant Buildings,Schooling Rate,False,,"The first text 'Vacant Buildings' refers to the presence of empty or abandoned buildings, which is related to urban decay and economic factors. The second text 'Schooling Rate' refers to the percentage of individuals attending school, which is related to education and social factors. While both variables may be influenced by urban environments, they represent different aspects of a city and do not belong to the same causal variable.",gpt-3.5-turbo
Vacant Buildings,Excessive Concentration of Tourism,False,,"The two texts do not belong to the same causal variable. 'Vacant Buildings' refers to the phenomenon of buildings that are unoccupied or abandoned, typically due to various reasons such as economic decline or urban planning issues. On the other hand, 'Excessive Concentration of Tourism' refers to a situation where there is an overwhelming number of tourists in a specific area, leading to potential negative impacts on the local environment, infrastructure, and community. While both phenomena may have implications for urban areas, they are distinct variables related to different aspects of urban development and management.",gpt-3.5-turbo
Vacant Buildings,Local Accommodation,False,,"While both texts are related to urban spaces, 'Vacant Buildings' refers to unoccupied or unused buildings, whereas 'Local Accommodation' refers to lodging options available in a specific area. They do not represent the same causal variable.",gpt-3.5-turbo
Vacant Buildings,Crime,False,,"While vacant buildings can be a contributing factor to increased crime rates in urban areas, they are not the same causal variable. Vacant buildings can create conditions that attract criminal activities, but crime itself is a broader variable influenced by various factors such as socioeconomic conditions, policing, community engagement, etc.",gpt-3.5-turbo
Vacant Buildings,Closing of Factories,False,,"While both texts are related to urban areas and can be influenced by economic factors, they represent different causal variables. 'Vacant Buildings' typically refers to the state of buildings being empty or unoccupied, often due to various reasons such as economic downturn, urban decay, or changes in property ownership. On the other hand, 'Closing of Factories' specifically pertains to the cessation of operations in manufacturing plants, which can lead to job losses, economic shifts, and changes in the local community. Although there may be some indirect connections between the two, they are distinct variables in the urban context.",gpt-3.5-turbo
Vacant Buildings,Traditional Stores,False,,"The two texts do not belong to the same causal variable. 'Vacant Buildings' typically refer to buildings that are unoccupied or abandoned, while 'Traditional Stores' refer to retail establishments that follow conventional business practices. These terms represent different aspects of urban environments and do not directly relate to each other as the same causal variable.",gpt-3.5-turbo
Vacant Buildings,Lack of Culture,False,,"The two texts do not belong to the same causal variable. 'Vacant Buildings' refers to the physical state of buildings being unoccupied or abandoned, while 'Lack of Culture' refers to a societal or community aspect related to the absence or deficiency of cultural activities, values, or identity. These are distinct concepts related to different aspects of urban environments.",gpt-3.5-turbo
Vacant Buildings,Security Inside Habitations,False,,"While both texts are related to urban environments, they do not belong to the same causal variable. 'Vacant Buildings' refers to the condition of buildings being unoccupied or abandoned, whereas 'Security Inside Habitations' refers to the safety and security measures within residential areas. These are distinct variables within urban studies.",gpt-3.5-turbo
Vacant Buildings,Correct Use of Dog Park,False,,"The two texts do not belong to the same causal variable. 'Vacant Buildings' refers to the state of buildings being unoccupied or abandoned, typically related to urban blight and property issues. On the other hand, 'Correct Use of Dog Park' refers to the appropriate utilization and behavior within a designated area for dogs to play and exercise. These texts represent different concepts and variables within urban studies.",gpt-3.5-turbo
Vacant Buildings,Working Conditions in Constructions,False,,"The two texts do not belong to the same causal variable. 'Vacant Buildings' refers to the state of buildings being unoccupied or abandoned, while 'Working Conditions in Constructions' refers to the conditions under which construction work is carried out, which is related to occupational safety and health rather than building occupancy status.",gpt-3.5-turbo
Vacant Buildings,Lack of Cleaning Inside Buildings,False,,"While both texts are related to buildings, they describe different aspects. 'Vacant Buildings' refers to buildings that are unoccupied or unused, while 'Lack of Cleaning Inside Buildings' refers to the absence of cleaning activities within buildings. Therefore, they do not belong to the same causal variable.",gpt-3.5-turbo
Vacant Buildings,Lack of Lighting Inside Buildings,False,,"While both texts are related to buildings, they describe different aspects. 'Vacant Buildings' refers to buildings that are unoccupied or abandoned, while 'Lack of Lighting Inside Buildings' refers to the absence of lighting within buildings. These are distinct variables related to buildings but not the same causal variable.",gpt-3.5-turbo
Vacant Buildings,Disrespect for Green Spaces,False,,"The two texts do not belong to the same causal variable. 'Vacant Buildings' refers to the condition of buildings being unoccupied or abandoned, while 'Disrespect for Green Spaces' refers to a behavior or attitude towards green areas. They represent different concepts and are not directly related.",gpt-3.5-turbo
Vacant Buildings,House Prices High for Family Budgets,False,,"The two texts do not belong to the same causal variable. The first text 'Vacant Buildings' refers to the presence of empty or abandoned buildings, while the second text 'House Prices High for Family Budgets' relates to the affordability of housing for families. Although there may be some indirect relationship between vacant buildings and high house prices, they represent different aspects of the urban environment and housing market.",gpt-3.5-turbo
Vacant Buildings,Social Neighborhoods,False,,"The two texts do not belong to the same causal variable. 'Vacant Buildings' refers to the physical state of buildings, while 'Social Neighborhoods' refers to the social characteristics and interactions within a neighborhood. Although vacant buildings can impact the social dynamics of a neighborhood, they represent different aspects of urban environments.",gpt-3.5-turbo
Vacant Buildings,Arms Trafficking,False,,"The two texts do not belong to the same causal variable. 'Vacant Buildings' refers to unoccupied or abandoned buildings in urban areas, often linked to urban blight and safety concerns. On the other hand, 'Arms Trafficking' refers to the illegal trade and distribution of firearms and weapons. While both topics may have implications for urban areas, they represent different causal variables related to urban issues.",gpt-3.5-turbo
Vacant Buildings,Prostitution,False,,"Vacant buildings and prostitution are not the same causal variable. Vacant buildings may be a contributing factor to the presence of prostitution in certain areas, but they represent different phenomena. Vacant buildings refer to unoccupied or abandoned structures, while prostitution involves the exchange of sexual services for money.",gpt-3.5-turbo
Vacant Buildings,Decrease in Natality,False,,"These two texts do not belong to the same causal variable. 'Vacant Buildings' refers to the condition of buildings being unoccupied or abandoned, while 'Decrease in Natality' refers to a reduction in birth rates. They are related to different aspects of urban studies but do not represent the same variable.",gpt-3.5-turbo
Vacant Buildings,Lack of Private Investment,False,,"While both texts are related to urban issues, they do not represent the same causal variable. 'Vacant Buildings' refers to the physical state of buildings being unoccupied, whereas 'Lack of Private Investment' refers to the absence of financial resources being directed towards a particular area or project. These are distinct concepts within urban studies and represent different aspects of urban development.",gpt-3.5-turbo
Vacant Buildings,Invasion of Tourism,False,,"The two texts do not belong to the same causal variable. 'Vacant Buildings' refers to the presence of empty or abandoned buildings in an area, typically indicating issues like urban blight or economic decline. On the other hand, 'Invasion of Tourism' likely refers to a situation where an overwhelming number of tourists visit a location, which can lead to both positive and negative impacts on the area's infrastructure, economy, and culture. While both concepts may relate to urban environments, they represent different phenomena and causal factors.",gpt-3.5-turbo
Vacant Buildings,Financial Crisis,False,,"The two texts do not belong to the same causal variable. 'Vacant Buildings' refers to a physical condition of buildings, while 'Financial Crisis' refers to a broader economic situation. Although vacant buildings can be a symptom or consequence of a financial crisis, they are not the same causal variable.",gpt-3.5-turbo
Vacant Buildings,Economic Crisis,False,,"The two texts do not belong to the same causal variable. 'Vacant Buildings' refers to the physical state of buildings being unoccupied or abandoned, while 'Economic Crisis' refers to a broader economic downturn affecting various aspects of the economy. While vacant buildings can be a symptom of an economic crisis, they represent different variables.",gpt-3.5-turbo
Vacant Buildings,Real Estate Speculation,False,,"While both texts are related to real estate, they represent different causal variables. 'Vacant Buildings' refers to the physical state of properties being unoccupied, whereas 'Real Estate Speculation' refers to the practice of buying property with the expectation of making a profit, often driving up prices but not necessarily leading to vacancies.",gpt-3.5-turbo
Vacant Buildings,Land Speculation,False,,"While both vacant buildings and land speculation can be related to urban development and property markets, they represent different causal variables. Vacant buildings refer to unoccupied structures, often indicating issues like urban blight or economic downturns, while land speculation involves the purchase of land with the expectation of future profit, impacting land use and development patterns. Therefore, they are distinct concepts within the realm of urban studies.",gpt-3.5-turbo
Vacant Buildings,Lack of Public Investment,False,,"While both texts are related to urban issues, 'Vacant Buildings' and 'Lack of Public Investment' represent different causal variables. Vacant buildings refer to the physical state of properties being unoccupied or abandoned, whereas lack of public investment pertains to the insufficient funding or resources allocated by the government or public sector. These are distinct issues with separate underlying causes and implications.",gpt-3.5-turbo
Vacant Buildings,Lack of Bank Financing,False,,"While both texts are related to urban issues, 'Vacant Buildings' and 'Lack of Bank Financing' represent different causal variables. Vacant buildings refer to the physical state of properties being unoccupied or abandoned, whereas lack of bank financing pertains to the availability or accessibility of financial resources from banks. These are distinct factors influencing urban environments but are not directly interchangeable as the same causal variable.",gpt-3.5-turbo
Vacant Buildings,Lack of Purchasing Power,False,,"The two texts do not belong to the same causal variable. 'Vacant Buildings' refers to the physical state of buildings being unoccupied or abandoned, while 'Lack of Purchasing Power' refers to the economic condition of individuals or communities not having enough financial resources to make purchases. These are distinct concepts related to different aspects of urban environments.",gpt-3.5-turbo
Vacant Buildings,Support for Youth Renting,False,,"The two texts do not belong to the same causal variable. 'Vacant Buildings' refers to the presence of unoccupied or abandoned buildings, while 'Support for Youth Renting' relates to assistance or programs aimed at helping young individuals with renting accommodations. These texts describe different concepts and are not directly related in terms of causality.",gpt-3.5-turbo
Vacant Buildings,Funds for Urban Rehabilitation,False,,"While both texts are related to urban areas, 'Vacant Buildings' and 'Funds for Urban Rehabilitation' do not represent the same causal variable. Vacant buildings refer to the physical state of buildings being unoccupied, whereas funds for urban rehabilitation refer to financial resources allocated for improving urban areas, which may include addressing vacant buildings but are not the same variable.",gpt-3.5-turbo
Vacant Buildings,Price/Values of/in Civil Construction,False,,"The two texts do not belong to the same causal variable. 'Vacant Buildings' refers to the state of buildings being unoccupied or abandoned, while 'Price/Values of/in Civil Construction' refers to the cost or value associated with construction projects. These are distinct concepts within urban studies and do not represent the same variable.",gpt-3.5-turbo
Vacant Buildings,IFRRU,False,,"The two texts do not belong to the same causal variable. 'Vacant Buildings' refers to buildings that are empty or unoccupied, while 'IFRRU' stands for 'Integrated Territorial Investment - Urban Regeneration Fund,' which is a program or initiative related to urban regeneration and development. Although both may be related to urban areas, they represent different concepts and initiatives.",gpt-3.5-turbo
Vacant Buildings,Little Supply in Civil Construction,False,,"While both texts are related to the construction industry, they do not represent the same causal variable. 'Vacant Buildings' refers to existing buildings that are unoccupied, whereas 'Little Supply in Civil Construction' refers to a shortage of materials or new construction projects. Therefore, they are not the same causal variable.",gpt-3.5-turbo
Vacant Buildings,ARU Tax Benefits,False,,"The two texts do not belong to the same causal variable. 'Vacant Buildings' refers to the physical state of buildings being unoccupied or abandoned, while 'ARU Tax Benefits' refers to tax incentives provided through the Adaptive Reuse of Urban properties. These represent different concepts related to urban studies and do not directly correspond to each other.",gpt-3.5-turbo
Vacant Buildings,Poor Tourism Investment,False,,"The two texts do not belong to the same causal variable. 'Vacant Buildings' refers to the state of buildings being unoccupied or abandoned, while 'Poor Tourism Investment' refers to a lack of financial resources or inadequate funding in the tourism sector. These are distinct concepts related to different aspects of urban development and economic activities.",gpt-3.5-turbo
Vacant Buildings,Extremely Expensive Rents,False,,"While both texts are related to urban issues, they do not belong to the same causal variable. Vacant buildings are typically a result of factors like economic decline, population shifts, or urban planning policies, whereas extremely expensive rents are influenced by factors such as housing demand, supply, and market conditions. Therefore, they represent different aspects of urban dynamics.",gpt-3.5-turbo
Vacant Buildings,Land Prices,False,,"Vacant buildings and land prices are related in the context of urban studies, but they represent different variables. Vacant buildings refer to the presence of unused or abandoned structures, while land prices refer to the monetary value of land. While there may be correlations between the two, they are not the same causal variable.",gpt-3.5-turbo
Vacant Buildings,Lack of Services and Trade,False,,"The two texts do not belong to the same causal variable. 'Vacant Buildings' refers to the physical state of buildings being unoccupied or abandoned, while 'Lack of Services and Trade' refers to the absence or insufficiency of services and commercial activities in an area. Although they may be related in the context of urban decay, they represent different aspects of urban environments.",gpt-3.5-turbo
Vacant Buildings,Low Income,False,,"Vacant Buildings and Low Income are not the same causal variable. Vacant Buildings typically refer to unoccupied or abandoned buildings, while Low Income refers to a financial status indicating a lack of financial resources. While there may be correlations between vacant buildings and low-income areas, they represent different aspects of urban environments.",gpt-3.5-turbo
Vacant Buildings,Relocation of Productive Activities,False,,"While both texts are related to urban studies, they do not belong to the same causal variable. 'Vacant Buildings' refers to the physical state of buildings being unoccupied, whereas 'Relocation of Productive Activities' refers to the movement of economic activities to different locations. These are distinct concepts within urban studies.",gpt-3.5-turbo
Vacant Buildings,Lack of Urban Policies,False,,"While both texts are related to urban issues, 'Vacant Buildings' refers to a physical condition of buildings, whereas 'Lack of Urban Policies' refers to a governance issue. They do not represent the same causal variable.",gpt-3.5-turbo
Vacant Buildings,Lack of Regulation of Rehabilitation,False,,"While both texts are related to urban development and housing issues, they do not represent the same causal variable. 'Vacant Buildings' refers to the presence of unoccupied or abandoned buildings, whereas 'Lack of Regulation of Rehabilitation' points to the absence or inadequacy of regulations governing the renovation or restoration of buildings. These are distinct factors influencing urban environments.",gpt-3.5-turbo
Vacant Buildings,Urban Rehabilitation and Regeneration Programs,False,,"While both texts are related to urban areas, they do not represent the same causal variable. 'Vacant Buildings' refers to the state of buildings being empty or unoccupied, while 'Urban Rehabilitation and Regeneration Programs' refer to initiatives aimed at revitalizing and improving urban areas, which may involve addressing vacant buildings but are not the same variable.",gpt-3.5-turbo
Vacant Buildings,Municipal Policies,False,,"The two texts do not belong to the same causal variable. 'Vacant Buildings' refers to physical structures that are unoccupied, while 'Municipal Policies' refer to the regulations and decisions made by local government authorities. While municipal policies can influence the status of vacant buildings, they are not the same causal variable.",gpt-3.5-turbo
Vacant Buildings,More Housing Policies,False,,"The first text 'Vacant Buildings' refers to a physical state of buildings being unoccupied or empty, while the second text 'More Housing Policies' refers to potential government regulations or actions related to increasing housing availability. These texts do not describe the same causal variable.",gpt-3.5-turbo
Vacant Buildings,Little Inspection,False,,"While both texts are related to urban issues, they do not belong to the same causal variable. 'Vacant Buildings' refers to the presence of unoccupied or abandoned buildings, whereas 'Little Inspection' suggests a lack of oversight or monitoring. These are distinct concepts within urban studies and do not represent the same variable.",gpt-3.5-turbo
Vacant Buildings,Infrastructures in Case of Disaster,False,,"The two texts do not belong to the same causal variable. 'Vacant Buildings' refers to unused or abandoned buildings, while 'Infrastructures in Case of Disaster' likely refers to the resilience or preparedness of infrastructure during disasters. Although both topics may relate to urban environments, they represent different aspects and do not directly correspond to the same variable.",gpt-3.5-turbo
Vacant Buildings,Lack of Inspection,False,,"While both texts are related to urban issues, they do not belong to the same causal variable. 'Vacant Buildings' refers to buildings that are unoccupied or abandoned, whereas 'Lack of Inspection' refers to the absence or insufficiency of regulatory inspections. These are distinct variables within the context of urban studies.",gpt-3.5-turbo
Vacant Buildings,Accesses,False,,"The two texts do not belong to the same causal variable. 'Vacant Buildings' refers to the condition of buildings being unoccupied or abandoned, while 'Accesses' likely refers to the ability to reach or use something. These concepts are related to urban environments but represent different aspects.",gpt-3.5-turbo
Vacant Buildings,Lack of Accessibility,False,,"The two texts do not belong to the same causal variable. 'Vacant Buildings' refers to buildings that are unoccupied or abandoned, while 'Lack of Accessibility' refers to the absence of easy access or availability. These are distinct concepts related to urban environments but represent different causal factors.",gpt-3.5-turbo
Vacant Buildings,Good Accessibility,False,,"The two texts do not belong to the same causal variable. 'Vacant Buildings' refers to the state of buildings being unoccupied or abandoned, while 'Good Accessibility' refers to the ease of reaching a location or the quality of transportation infrastructure. These are distinct concepts related to urban studies but do not represent the same variable.",gpt-3.5-turbo
Vacant Buildings,Lack of Public Transport,False,,"The two texts do not belong to the same causal variable. 'Vacant Buildings' refers to unoccupied or unused buildings, while 'Lack of Public Transport' refers to the absence or inadequacy of public transportation services. They represent different issues in urban environments.",gpt-3.5-turbo
Vacant Buildings,Public Transportation Conditions,False,,"The two texts do not belong to the same causal variable. 'Vacant Buildings' refers to the presence of empty or abandoned buildings in an area, while 'Public Transportation Conditions' refer to the state or quality of public transportation services available in an area. These are distinct variables related to urban environments but are not directly causally related.",gpt-3.5-turbo
Vacant Buildings,Traffic,False,,"The texts do not belong to the same causal variable. 'Vacant Buildings' typically relates to urban blight, property abandonment, and economic factors, while 'Traffic' pertains to transportation flow, congestion, and mobility patterns in urban areas. Although both can be influenced by urban planning and development, they represent distinct aspects of urban environments.",gpt-3.5-turbo
Vacant Buildings,Automobile Circulation,False,,"The two texts do not belong to the same causal variable. 'Vacant Buildings' refers to the presence of empty or unused buildings in an area, while 'Automobile Circulation' refers to the movement and flow of vehicles on roads. These are distinct variables related to urban studies but do not represent the same concept.",gpt-3.5-turbo
Vacant Buildings,Car Parks,False,,"While both texts are related to urban spaces, 'Vacant Buildings' and 'Car Parks' represent different variables. Vacant buildings refer to unused or abandoned structures, while car parks are designated areas for parking vehicles. They do not describe the same causal variable.",gpt-3.5-turbo
Antiquity of the Building,Unoccupied Housing (Empties),False,,"While both texts are related to buildings, 'Antiquity of the Building' refers to the age or historical significance of a building, whereas 'Unoccupied Housing (Empties)' refers to the occupancy status of a building. These represent different aspects of buildings and do not belong to the same causal variable.",gpt-3.5-turbo
Antiquity of the Building,Abandoned Housing,False,,"While both texts are related to buildings, they describe different aspects. 'Antiquity of the Building' refers to the age or historical significance of a building, whereas 'Abandoned Housing' refers to the condition of a building being deserted or no longer occupied. Therefore, they do not belong to the same causal variable.",gpt-3.5-turbo
Antiquity of the Building,Low Level or Insufficient Infrastructure,False,,"While both texts are related to buildings, they describe different aspects. The first text refers to the age or historical significance of a building, while the second text refers to the quality or adequacy of the infrastructure within a building. Therefore, they do not belong to the same causal variable.",gpt-3.5-turbo
Antiquity of the Building,Bad Location of the Building,False,,"The two texts do not belong to the same causal variable. 'Antiquity of the Building' refers to the age or historical significance of the building, while 'Bad Location of the Building' refers to the geographical placement or positioning of the building. These are distinct factors affecting a building and do not represent the same causal variable.",gpt-3.5-turbo
Antiquity of the Building,Adaptation of Buildings with Housing Quality,False,,"While both texts are related to buildings, the first text refers to the age or historical significance of a building (antiquity), whereas the second text focuses on the process of adapting buildings to improve housing quality. These represent different aspects of buildings and do not belong to the same causal variable.",gpt-3.5-turbo
Antiquity of the Building,Construction of Buildings for People with Disabilities,False,,"The two texts do not belong to the same causal variable. The first text refers to the age or historical significance of a building, while the second text refers to the purpose or design of buildings to accommodate people with disabilities. These are distinct variables related to buildings but with different causal factors.",gpt-3.5-turbo
Antiquity of the Building,Rehabilitation,False,,"The two texts do not belong to the same causal variable. 'Antiquity of the Building' refers to the age or historical significance of a building, while 'Rehabilitation' refers to the process of restoring or renovating a building. These are distinct concepts related to buildings but represent different aspects.",gpt-3.5-turbo
Antiquity of the Building,Evictions of the Local Population,False,,"The two texts do not belong to the same causal variable. 'Antiquity of the Building' refers to the age or historical significance of a building, while 'Evictions of the Local Population' refers to the displacement of local residents. These are distinct variables related to different aspects of urban development and community impact.",gpt-3.5-turbo
Antiquity of the Building,Risk of Defeat,False,,"The two texts do not belong to the same causal variable. 'Antiquity of the Building' refers to the age or historical significance of a building, while 'Risk of Defeat' likely relates to the probability or likelihood of losing in a competition or battle. These concepts are distinct and not directly related.",gpt-3.5-turbo
Antiquity of the Building,Earthquakes,False,,"The two texts do not belong to the same causal variable. The antiquity of a building refers to its age or historical significance, while earthquakes refer to seismic events that can cause structural damage regardless of a building's age.",gpt-3.5-turbo
Antiquity of the Building,Gas Leak Inside Buildings,False,,"The two texts do not belong to the same causal variable. The first text refers to the age or historical period of a building, while the second text refers to a specific event or condition, which is a gas leak inside buildings. These are distinct concepts related to different aspects of buildings and do not represent the same variable.",gpt-3.5-turbo
Antiquity of the Building,Floods,False,,"The two texts do not belong to the same causal variable. 'Antiquity of the Building' refers to the age or historical significance of a building, while 'Floods' refer to a natural disaster caused by excessive water submerging land. These are distinct concepts related to different phenomena.",gpt-3.5-turbo
